250,Away Resorts,Newquay Bay Holiday Resort,Newquay,,"Trevelgue Road, , Newquay, Cornwall, TR8 4AS, Cornwall",,
227,Away Resorts ,Away Resorts Ltd,Hemel Hempstead,,"The Maylands Building, 200 Maylands Avenue, Hemel Hempstead, Herts, HP2 7TG, Herts",,
253,Away Resorts ,Away Resorts Mersea island,Colchester,,"Fen Lane, , Colchester, Essex, Essex, Essex",,
255,Away Resorts ,Piperdam,Dundee,,"Fowkis, , Dundee, Scotland, DD2 5LP, Scotland",,
241,Away Resorts ,Sandy Balls Holiday Park,Fordingbridge,,"Southampton Road, , Fordingbridge, SP6 2JZ,",,
240,Away Resorts ,Tattershall Country Lakes,Tattershall,,"57 Sleaford Road, , Tattershall, Lincolnshire, LN4 4JG, Lincolnshire",,
160,Haven,Allhallows Haven,Rochester,,"Allhallows-on-Sea, , Rochester, Kent., ME3 9QD, Kent.",,
69,Haven,Berwick,Berwick-upon-Tweed,,"Magdalene Fields, , Berwick-upon-Tweed, Northumberland, TD15 1NE, Northumberland",,
157,Haven,Caister Haven,"Great Yarmouth,",,"Ormesby Road,, Caister-on-Sea,, Great Yarmouth,, Norfolk., NR30 5NH, Norfolk.",,
163,Haven,Cala Gran,"Fleetwood,",,"Fleetwood Road,, , Fleetwood,, Lancashire., FY7 8JY, Lancashire.",,
155,Haven,Church Farm Haven,"Bognor Regis,",,"Church Lane,, Pagham,, Bognor Regis,, West Sussex, PO21 4NR, West Sussex",,
230,Haven,Cleethorpes Pearl,Cleethorpes,,"208 North Sea Lane, Humberston, Cleethorpes, DN36 4ET,",,
159,Haven,Coombe Haven,"Hastings,",,"Harley Shute Road,, St Leonards-on-Sea,, Hastings,, TN38 8BZ,",,
66,Haven,Craig Tara,Ayr,,"Dunure Road, , Ayr, KA7 4LB,",,
158,Haven,Devon Cliffs Haven,"Exmouth,",,"Sandy Bay,, , Exmouth,, Devon., EX8 5BT, Devon.",,
105,Haven,Devon Cliffs Holiday Park,Sandy Bay,,", , Sandy Bay, Exmouth, EX8 5BT, Exmouth",,
171,Haven,Glan Y Mor Leisure Park,Aberystwyth,,"Clarach Bay, , Aberystwyth, SY23 3DT,",,
156,Haven,Golden Sands Haven,Mablethorpe,,"Quebec Road, , Mablethorpe, Lincolnshire, LN12 1QJ, Lincolnshire",,
104,Haven,Greenacres,Porthmadog,,"Morfa Bychan,, , Porthmadog, LL49 9YF,",,
103,Haven,Hafan Y Mor,Gwynedd LL53 6HX,,", , Gwynedd LL53 6HX, LL53 6HX,",,
68,Haven,Haggerston,"Berwick-upon-Tweed,",,"Beal, , Berwick-upon-Tweed,, TD15 2PA,",,
187,Haven,Haven Blue Dolphin,FILEY,,"Gristhorpe Bay, , FILEY, YO14 9PU,",,
94,Haven,Haven Devon Bay,,,", , ,",,
93,Haven,Haven Doniford Bay,,,", , ,",,
137,Haven,Haven Lydstep Beach,Tenby,,"Lydstep Haven,, , Tenby, SA70 7SB,",,
188,Haven,Haven Primrose Valley,FILEY,,"Primrose Valley, , FILEY, YO14 9RF,",,
189,Haven,Haven Thornwick Bay Holiday Village,Flamborough,,"North Marine Road, , Flamborough, East Yorkshire, YO15 1AU, East Yorkshire",,
127,Haven,Hayling Island Holiday Park,Hayling Island,,"Manor Road,, , Hayling Island, PO11 0QS,",,
102,Haven,Heythrop Park,Enstone,,", , Enstone, Oxfordshire, OX7 5UE or OX7 5UF, Oxfordshire",,
166,Haven,"Hopton Holiday Village,","Hopton-on-Sea,",,", , Hopton-on-Sea,, Norfolk., NR31 9BW, Norfolk.",,
106,Haven,Kiln Park,Tenby,,"Marsh Rd,, , Tenby, SA70 7RB,",,
110,Haven,Marton Mere,Blackpool,,"Mythop Rd, , Blackpool, FY4 4XN,",,
148,Haven,Orchards Holiday Village,CLACTON-ON SEA,,", St Osyth, CLACTON-ON SEA, ESSEX, CO16 8LJ, ESSEX",,
149,Haven,Perran Sands,PERRANPORTH,,", , PERRANPORTH, Cornwall, TR6 0AQ, Cornwall",,
165,Haven,"Presthaven Beach Resort,",Prestatyn,,"Shore Road, Gronant,, Prestatyn, LL19 9ST,",,
109,Haven,Quay West Holiday Park,New Quay,,"New Rd, , New Quay, SA45 9SE,",,
150,Haven,Reighton Sands,Nr. Filey,,", Reighton Gap, Nr. Filey, Yorkshire, YO14 9SH, Yorkshire",,
152,Haven,Riviere Sands,Hayle,,"Riviere Towans, , Hayle, Cornwall, TR27 5AF, Cornwall",,
154,Haven,Rockley Park,Poole,,"Napier Rd,, , Poole, BH15 4LZ,",,
196,Haven,Sand Le Mere Holiday Park,Hull,,"Southfiels Lane, , Hull, HU12 0JF,",,
205,Haven,Sea Acres Holiday Park,Near Helston,,"Kennack Sands, , Near Helston, Cornwall, Cornwall",,
161,Haven,Seashore Holiday Park,"Great Yarmouth,",,"North Denes,, , Great Yarmouth,, Norfolk, NR30 4HF, Norfolk",,
146,Haven,Seaview,"Weymouth,",,"Preston, , Weymouth,, Dorset., DT3 6DZ, Dorset.",,
67,Haven,Seton Sands,,,"Longniddry, , East Lothian, EH32 0QF, East Lothian",,
62,Haven,Talacre Beach Holiday Home Park,Holywell,,"Station Rd, , Holywell, Flintshire, CH8 9RD, Flintshire",,
15,Haven,Waterside,Southminster,,"Main Road, St Lawrence Bay, Southminster, Essex, CM0 7LY, Essex",,
167,Haven,"Wild Duck Holiday Park,",Near Great Yarmouth.,,"Howard's Common,, Belton,, Near Great Yarmouth., NR31 9NE,",,
43,Parkdean Resorts,Ashcroft Coast,Isle Of Sheppy,,"Plough Road, Minster On Sea, Isle Of Sheppy, Kent, ME12 4JH, Kent",,
253,Parkdean Resorts,Away Resorts Mersea island,Colchester,,"Fen Lane, , Colchester, Essex, Essex, Essex",,
36,Parkdean Resorts,Barmston Beach,Nr Driffield,,"Sands Lane, Barmston, Nr Driffield, Yorkshire, YO25 8PJ, Yorkshire",,
6,Parkdean Resorts,Bideford Bay,Nr Bideford,,"Bucks Cross, , Nr Bideford, Devon, EX39 5DU, Devon",,
23,Parkdean Resorts,Breydon Water,Burgh Castle,,"Butt Lane, , Burgh Castle, Great Yarmouth , NR31 9QB, Great Yarmouth",,
31,Parkdean Resorts,Brynowen,Nr Aberystwyth,,"Brynowen Lane, Borth, Nr Aberystwyth, Wales, SY24 5LS, Wales",,
22,Parkdean Resorts,California Cliffs,Great Yarmouth,,"Rottenstone Lane, Scratby, Great Yarmouth, Norffolk, NR29 3QU, Norffolk",,
44,Parkdean Resorts,Camber Sands,Near Rye,,"New Lydd Road, Camber, Near Rye, East Sussex, TN31 7RT, East Sussex",,
32,Parkdean Resorts,Carmarthen Bay,Kidwelly,,"Port Way, , Kidwelly, Carmarthenshire, SA17 5HQ, Carmarthenshire",,
35,Parkdean Resorts,Cayton Bay,Scarborough,,"Mill Lane, Cayton Bay, Scarborough, North Yorkshire, YO11 3NJ, North Yorkshire",,
113,Parkdean Resorts,Challaborough Bay Holiday Park,Kingsbridge TQ7 4HU,,", , Kingsbridge TQ7 4HU, TQ7 4HU,",,
111,Parkdean Resorts,Cherry Tree Holiday Park,Great Yarmouth,,"Mill Rd, Burgh Castle, Great Yarmouth, NR31 9QR,",,
25,Parkdean Resorts,Church Point,Newbiggin-By-The-Sea,,"High Street, , Newbiggin-By-The-Sea, Northumberland, NE66 6DP, Northumberland",,
16,Parkdean Resorts,Coopers Beach,Mersea Island,,"Church Lane, East Mersea, Mersea Island , Colchester, CO5 8TN, Colchester",,
133,Parkdean Resorts,Crantock Beach,Crantock,,", , Crantock, Cornwall, TR8 5RH, Cornwall",,
26,Parkdean Resorts,Cresswell Towers,Cresswell,,"Cresswell Road, , Cresswell, Northumberland, NE61 5JT, Northumberland",,
28,Parkdean Resorts,Crimdon Dene,Blackhall Colliery,,"Coast Road , , Blackhall Colliery, Nr Hartlepool, TS27 4BN, Nr Hartlepool",,
34,Parkdean Resorts,Eyemouth,Eyemouth,,"Fort Road, , Eyemouth, Berwickshire, TD14 5BE, Berwickshire",,
77,Parkdean Resorts,Fallbarrow Park,Windermere,,"Rayrigg Rd, , Windermere, Cumbria, LA23 3DL, Cumbria",,
120,Parkdean Resorts,Grannie's Heilan Hame,Dornoch,,"Embo, , Dornoch, IV25 3QD,",,
21,Parkdean Resorts,Heacham Beach,Kings Lynn,,"South Beach Road, Heacham, Kings Lynn, Norfolk, PE31 7BD, Norfolk",,
11,Parkdean Resorts,Highfield Grange,Clacton-On-Sea,,"London Road, , Clacton-On-Sea, Essex, CO16 9QY, Essex",,
191,Parkdean Resorts,Holywell Bay Holiday Park,,,"Holywell Bay, , Cornwall, TR8 5AR, Cornwall",,
178,Parkdean Resorts,Home Farm Holiday Park,Burnham-on-Sea,,"Edithmead, , Burnham-on-Sea, TA9 4HD,",,
24,Parkdean Resorts,Kessingland Beach,Lowestoft,,"Beach Road, Kessingland, Lowestoft, Suffolk, NR33 7RW, Suffolk",,
164,Parkdean Resorts,"Lakeland Leisure Park,",Flookburgh,,"Moor Lane,, , Flookburgh, Cumbria, LA11 7LT, Cumbria",,
9,Parkdean Resorts,Landguard,Shanklin,,"Landguard Manor Road, , Shanklin, Isle Of Wight, PO37 7PJ, Isle Of Wight",,
151,Parkdean Resorts,Littlesea,Weymouth,,"Lynch Lane, , Weymouth, DORSET, DT4 9DT, DORSET",,
128,Parkdean Resorts,Lizard Point Holiday Park,Near Halston,,"Ruan Minor, , Near Halston, Cornwall, TR12 7LJ, Cornwall",,
115,Parkdean Resorts,Looe Bay Holiday Park,Looe,,", , Looe, PL13 1NX,",,
10,Parkdean Resorts,Lower Hyde,Shanklin,,"Landguard Road, , Shanklin, Isle Of Wight, PO37 7LL, Isle Of Wight",,
19,Parkdean Resorts,Manor Park,Hunstanton,,"Manor Road, , Hunstanton, Norfolk, PE36 5AZ, Norfolk",,
14,Parkdean Resorts,Martello Beach,Clacton-On-Sea,,"Belsize Avenue , Jaywick, Clacton-On-Sea, Essex, CO15 2LF, Essex",,
119,Parkdean Resorts,Nairn Lochloy Holiday Park,Inverness,,"Nairn, , Inverness, IV12 5DE,",,
13,Parkdean Resorts,Naze Marine,Walton-On-The-Naze,,"Hall Lane, , Walton-On-The-Naze, Essex, CO14 8HL, Essex",,
116,Parkdean Resorts,Newquay Holiday Park,Newquay,,", , Newquay, Cornwall, TR8 4HS, Cornwall",,
8,Parkdean Resorts,Nodes Point,Ryde,,"Nodes Road, St Helen's, Ryde, Isle Of Wight, PO33 1YA, Isle Of Wight",,
55,Parkdean Resorts,Ocean Edge,Heysham,,"Moneyclose Lane, , Heysham, LA3 2XA,",,
108,Parkdean Resorts,Pendine Sands Holiday Park,,,"Pendine, , Carmarthenshire, SA33 4NZ, Carmarthenshire",,
255,Parkdean Resorts,Piperdam,Dundee,,"Fowkis, , Dundee, Scotland, DD2 5LP, Scotland",,
56,Parkdean Resorts,Regent,Morecambe,,"Westgate, , Morecambe, LA3 3DF,",,
228,Parkdean Resorts,Retallack RESORT & SPA,,,"Winnards Perch, St Columb Major, , Cornwall, TR9 6DE, Cornwall",,
42,Parkdean Resorts,Romney Sands,New Romney,,"The Parade, Greatstone, New Romney, Kent, TN28 8RN, Kent",,
117,Parkdean Resorts,Ruda Holiday Park,Braunton,,"Croyde Bay,, Croyde, Braunton, EX33 1NP,",,
124,Parkdean Resorts,Sandford,Poole,,"Holton Heath, , Poole, Dorset, BH16 6JZ, Dorset",,
241,Parkdean Resorts,Sandy Balls Holiday Park,Fordingbridge,,"Southampton Road, , Fordingbridge, SP6 2JZ,",,
27,Parkdean Resorts,Sandy Bay,Ashington,,"North Seaton , , Ashington, Northumberland, NE63 9YD, Northumberland",,
33,Parkdean Resorts,Sandylands,Saltcoats,,"James Miller Crescent, Auchenharvie, Saltcoats, Ayrshire, KA21 5JN, Ayrshire",,
41,Parkdean Resorts,Shurland Dale,Isle Of Sheppey,,"Warden Road, East Church, Isle Of Sheppey, Kent, ME12 4EN, Kent",,
38,Parkdean Resorts,Skipsea Sands,Skipsea,,"Mill, , Skipsea, East Riding Of Yorkshire, YO25 8TZ, East Riding Of Yorkshire",,
123,Parkdean Resorts,Southerness Holiday Park,Dumfries,,"Southerness,, , Dumfries, DG2 8AZ,",,
20,Parkdean Resorts,Southview,Skegness,,"Burgh road, , Skegness, Lincs, PE25 2LA, Lincs",,
249,Parkdean Resorts,St Ives Bay Holiday Park,Hayle,,"73 Loggans Rd,, Upton Towans, Hayle, TR27 5BH,",,
182,Parkdean Resorts,St Minver Holiday Park,Wadebridge,,"St Minver Holiday Park, Near Rock, Wadebridge, Cornwall, PL27 6RR, Cornwall",,
168,Parkdean Resorts,St Osyth Beach,Clacton -on-sea,,"St Osyth, , Clacton -on-sea, CO16 8 SG,",,
39,Parkdean Resorts,St. Margaret's Bay,St Margarets -at-Cliffe,,"St Margarets Bay, Reach Rd, St Margarets -at-Cliffe, Kent, CT15 6AG, Kent",,
86,Parkdean Resorts,Summerfields,Great Yarmouth,,"Summerfield Holiday Park, Beach Road, Scratby, Great Yarmouth, Norfolk, NR29 3NW, Norfolk",,
122,Parkdean Resorts,Sundrum Castle Holiday Park,,,"Coylton, , Ayr, KA6 5JH, Ayr",,
18,Parkdean Resorts,Sunnydale,Saltfleet,,"Sea Lane, , Saltfleet, Lincolnshire, LN117RP, Lincolnshire",,
240,Parkdean Resorts,Tattershall Country Lakes,Tattershall,,"57 Sleaford Road, , Tattershall, Lincolnshire, LN4 4JG, Lincolnshire",,
7,Parkdean Resorts,Thorness Bay,Nr Cowes,,"Thorness Lane, Thorness, Nr Cowes, Isle Of Wight, PO31 8NJ, Isle Of Wight",,
147,Parkdean Resorts,"Thorpe Park Holiday Centre,",Cleethorpes,,", , Cleethorpes, Lincolnshire, DN35 0PW, Lincolnshire",,
101,Parkdean Resorts,Todber Valley,Clitheroe,,"Burnley Rd, Gisburn, Clitheroe, BB7 4JJ,",,
114,Parkdean Resorts,Torquay Holiday Park,Torquay,,"Kingskerswell Rd,, , Torquay, TQ2 8JU,",,
99,Parkdean Resorts,Trecco Bay,Porthcawl,,"St John's Dr,, , Porthcawl, CF36 5NG,",,
118,Parkdean Resorts,Tummel Valley Holiday Park,Perthshire,,", , Perthshire, Highlands, PH16 5SA, Highlands",,
30,Parkdean Resorts,Ty Mawr,Abergelewyn,,"Towyn Road, Towyn, Abergelewyn, Conway, LL22 9HG, Conway",,
12,Parkdean Resorts,Valley Farm,Clacton-On-Sea,,"Valley Road, , Clacton-On-Sea, Essex, CO15 6LY, Essex",,
59,Parkdean Resorts,Vauxhall Holiday Park,Great Yarmouth,,"Acle New Road, , Great Yarmouth , NR30 1TB,",,
40,Parkdean Resorts,Warden Springs,Sheerness,,"Warden Point, Eastchurch, Sheerness, Kent, ME12 4HF, Kent",,
126,Parkdean Resorts,Warmwell,Weymouth,,", , Weymouth, Dorset, DT2 8JE, Dorset",,
17,Parkdean Resorts,Weeley Bridge,Nr Clacton-On-Sea,,"Clacton Road, Weeley, Nr Clacton-On-Sea, Essex, CO16 9DH, Essex",,
121,Parkdean Resorts,Wemyss Bay Holiday Park,Wemyss Bay,,", , Wemyss Bay, PA18 6BA,",,
125,Parkdean Resorts,West Bay Holiday Park,Bridport,,", , Bridport, Dorset, DT6 4HB, Dorset",,
162,Parkdean Resorts,"Weymouth Bay Holiday Park,","Weymouth,",,"Preston, , Weymouth,, Dorset., DT3 6BG, Dorset.",,
181,Parkdean Resorts,White Acres Holiday Park,Newquay,,"White Cross, , Newquay, Cornwall, TR8 4LW, Cornwall",,
76,Parkdean Resorts,White Cross Bay,Windermere,,"Ambleside Road, , Windermere, Cumbria, LA23 1LF, Cumbria",,
29,Parkdean Resorts,Whitley Bay,Whitley Bay,,"Blythe Road, The Links, Whitley Bay, Tyne & Wear, NE26 4RR, Tyne & Wear",,
37,Parkdean Resorts,Withernsea Sands,Withernsea,,"Waxholme Road, , Withernsea, Humberside, HU19 2BS, Humberside",,
233,Viva Blackpool,Viva Blackpool,Blackpool,,"3 Church Street, , Blackpool, FY1 1HJ,",,
130,Warners,Warners Corton,Corton,,"Coastal Resort, The St, Corton, Lowestoft, NR32 5HR, Lowestoft",,
180,Warners,Warners Gunton Hall,Lowestoft,,"Gunton Ave, , Lowestoft, NR32 5DF,",,
139,Warners,Warners Holme Lacy,Hereford,,"Bridge Rd, , Hereford, HR2 6LP,",,
132,Warners,Warners Lakeside,HAYLING ISLAND,,"Fishery Lane, , HAYLING ISLAND, PO11 9NR,",,
134,Warners,Warners Littlecote,,,", , ,",,
135,Warners,Warners Norton Grange,,,", , ,",,
179,Warners,Warners Thoresby Hall,Ollerton,,"Thoresby Park,, , Ollerton, NG22 9WH,",,
,VENUE & CLIENT,,,,,,
184,Beachcomber Cleethorpes,Beachcomber Cleethorpes,CLEETHORPES,,"208 North Sea Lane, , CLEETHORPES, DN36 4ET,",,
145,Billing Aquadrome,Billing Aquadrome,Northampton,,"Crow Lane,, Great Billing, Northampton, NN3 9DA,",,
45,Bunn Leisure,Bunn Leisure,Selsey.,,"Paddock Lane, Chichester, Selsey., PO20 9EJ.,",,
192,Club Tropicana,Club Tropicana,CHAPEL ST LEONARDS,,"Golden Palm Resort, South Rd, CHAPEL ST LEONARDS, LINCOLNSHIRE, PE24 5TR, LINCOLNSHIRE",,
252,Flamingoland,Flamingoland,Malton,,"The Club, Flamingo Land, Kirby Misperton, Malton, North Yorkshire, YO17 6UX, North Yorkshire",,
185,GOLDEN GATE HOLIDAY PARK,GOLDEN GATE HOLIDAY PARK,RHYL,,"Towyn Road, Towyn, RHYL, LL22 9HU,",,
207,Lyons Robin Hood Holiday Park,Lyons Robin Hood Holiday Park,"Rhyl,",,"Coast Road,, , Rhyl,, LL18 3UU,",,
87,MAKIS LEISURE COMPLEX,MAKIS LEISURE COMPLEX,BRIDLINGTON,,"South Cliffe Holiday Park, , BRIDLINGTON, YO15 3QN,",,
174,Mecca Bingo Luton,Mecca Bingo Luton,Luton,,"Skimpot Road, , Luton, LU4 0JB,",,
81,Newark Showground,Newark Showground,Newark,,"Lincoln Rd, Newark-on-Trent, Newark, Nottinghamshire, NG24 2NY, Nottinghamshire",,
177,Seagull Inn,Seagull Inn,Burnham-on-Sea TA8 2RF,,"Northam Farm, South Road, Brean, Burnham-on-Sea TA8 2RF, TA8 2RF,",,
169,Seawick Holidays,Seawick Holidays,CLACTON ON SEA,,"Beach Road, St Osyth, CLACTON ON SEA, Essex, CO16 8SG, Essex",,
238,The Bay Filey,The Bay Filey,Filey,,"The Bay Filey, 1 Moor Road, Filey, YO14 9GA,",,
136,"The Villa, Wrea Green","The Villa, Wrea Green",Preston,,"Moss Side Ln, Wrea Green, Preston, PR4 2PE,",,
78,Watermill Hotel,Watermill Hotel,Hemel Hempstead,,"London Rd, Bourne End, Hemel Hempstead, Hertfordshire, Hertfordshire, Hertfordshire",,